Suite/Test/Step Name,Browser,Description,Tag,Start time,End time,Duration,Status
curahealthcarelogin,Chrome 127.0.0.0,,,26-08-2024 11:51:32,26-08-2024 11:51:53,21.430s,PASSED
,,,,,,,
Test Cases/RECORD AND PLAY BACK,Chrome 127.0.0.0,,,26-08-2024 11:51:32,26-08-2024 11:51:53,20.789s,PASSED
"openBrowser("""")",Chrome 127.0.0.0,,,26-08-2024 11:51:33,26-08-2024 11:51:40,7.097s,PASSED
"navigateToUrl(""https://katalon-demo-cura.herokuapp.com/"")",Chrome 127.0.0.0,,,26-08-2024 11:51:40,26-08-2024 11:51:46,5.942s,PASSED
"click(findTestObject(""Object Repository/CURA HEALTH CARE_LOGIN/Page_CURA Healthcare Service/a_Make Appointment""))",Chrome 127.0.0.0,,,26-08-2024 11:51:46,26-08-2024 11:51:48,1.956s,PASSED
"setText(findTestObject(""Object Repository/CURA HEALTH CARE_LOGIN/Page_CURA Healthcare Service/input_Username_username""), ""John Doe"")",Chrome 127.0.0.0,,,26-08-2024 11:51:48,26-08-2024 11:51:49,1.217s,PASSED
"setEncryptedText(findTestObject(""Object Repository/CURA HEALTH CARE_LOGIN/Page_CURA Healthcare Service/input_Password_password""), ""g3/DOGG74jC3Flrr3yH+3D/yKbOqqUNM"")",Chrome 127.0.0.0,,,26-08-2024 11:51:49,26-08-2024 11:51:50,0.639s,PASSED
"click(findTestObject(""Object Repository/CURA HEALTH CARE_LOGIN/Page_CURA Healthcare Service/button_Login""))",Chrome 127.0.0.0,,,26-08-2024 11:51:50,26-08-2024 11:51:52,2.616s,PASSED
closeBrowser(),Chrome 127.0.0.0,,,26-08-2024 11:51:52,26-08-2024 11:51:53,0.699s,PASSED
