Suite/Test/Step Name,Browser,Description,Tag,Start time,End time,Duration,Status
logindata,Chrome 127.0.0.0,,,26-08-2024 12:02:27,26-08-2024 12:02:47,19.889s,PASSED
,,,,,,,
Test Cases/SCRIPT RECORDING MODE,Chrome 127.0.0.0,,,26-08-2024 12:02:28,26-08-2024 12:02:47,19.327s,PASSED
"openBrowser("""")",Chrome 127.0.0.0,,,26-08-2024 12:02:28,26-08-2024 12:02:35,7.168s,PASSED
"navigateToUrl(""https://katalon-demo-cura.herokuapp.com/"")",Chrome 127.0.0.0,,,26-08-2024 12:02:35,26-08-2024 12:02:38,2.385s,PASSED
"click(findTestObject(""Object Repository/CURA HEALTH CARE_LOGIN/Page_CURA Healthcare Service/a_Make Appointment""))",Chrome 127.0.0.0,,,26-08-2024 12:02:38,26-08-2024 12:02:41,3.531s,PASSED
"setText(findTestObject(""Object Repository/CURA HEALTH CARE_LOGIN/Page_CURA Healthcare Service/input_Username_username""), ""John Doe"")",Chrome 127.0.0.0,,,26-08-2024 12:02:41,26-08-2024 12:02:43,1.315s,PASSED
"setText(findTestObject(""Object Repository/CURA HEALTH CARE_LOGIN/Page_CURA Healthcare Service/input_Password_password""), ""ThisIsNotAPassword"")",Chrome 127.0.0.0,,,26-08-2024 12:02:43,26-08-2024 12:02:44,1.168s,PASSED
"click(findTestObject(""Object Repository/CURA HEALTH CARE_LOGIN/Page_CURA Healthcare Service/button_Login""))",Chrome 127.0.0.0,,,26-08-2024 12:02:44,26-08-2024 12:02:46,2.342s,PASSED
closeBrowser(),Chrome 127.0.0.0,,,26-08-2024 12:02:46,26-08-2024 12:02:47,0.764s,PASSED
